{
	"format_version": "1.16.0",
	"minecraft:geometry": [
		{
			"description": {
				"identifier": "geometry.l4d2.block_shovel",
				"texture_width": 40,
				"texture_height": 40,
				"visible_bounds_width": 15,
				"visible_bounds_height": 4.5,
				"visible_bounds_offset": [0, 1.75, 0]
			},
			"bones": [
				{
					"name": "shovel",
					"pivot": [-3.99076, 0.49995, 0.27216],
					"rotation": [-90, 5, -89],
					"cubes": [
						{
							"origin": [-3.82456, 0.11132, 6.46205],
							"size": [0.63504, 0.61726, 5.65821],
							"uv": {
								"north": {"uv": [30, 8], "uv_size": [0.75, 0.75]},
								"east": {"uv": [12, 0], "uv_size": [7.75, 0.75]},
								"south": {"uv": [30, 27], "uv_size": [0.75, 0.75]},
								"west": {"uv": [12, 2], "uv_size": [7.75, 0.75]},
								"up": {"uv": [4, 12], "uv_size": [0.75, 7.75]},
								"down": {"uv": [12, 11.75], "uv_size": [0.75, -7.75]}
							}
						},
						{
							"origin": [-3.82456, 0.11132, 12.12025],
							"size": [0.63504, 0.61726, 1.24922],
							"uv": {
								"north": {"uv": [32, 27], "uv_size": [0.75, 0.75]},
								"east": {"uv": [26, 17], "uv_size": [1.75, 0.75]},
								"south": {"uv": [28, 32], "uv_size": [0.75, 0.75]},
								"west": {"uv": [26, 19], "uv_size": [1.75, 0.75]},
								"up": {"uv": [16, 26], "uv_size": [0.75, 1.75]},
								"down": {"uv": [26, 22.75], "uv_size": [0.75, -1.75]}
							}
						},
						{
							"origin": [-3.7692, -1.31469, 16.78153],
							"size": [0.52432, 1.75993, 0.51071],
							"inflate": 0.01,
							"pivot": [-3.50704, -0.4531, 17.03689],
							"rotation": [-5, 0, 0],
							"uv": {
								"north": {"uv": [0, 25], "uv_size": [0.75, 2.5]},
								"east": {"uv": [2, 25], "uv_size": [0.75, 2.5]},
								"south": {"uv": [10, 25], "uv_size": [0.75, 2.5]},
								"west": {"uv": [12, 25], "uv_size": [0.75, 2.5]},
								"up": {"uv": [14, 33], "uv_size": [0.75, 0.75]},
								"down": {"uv": [33, 14.75], "uv_size": [0.75, -0.75]}
							}
						},
						{
							"origin": [-3.77164, 0.39284, 16.77969],
							"size": [0.5292, 1.76359, 0.51439],
							"pivot": [-3.50704, 1.29301, 17.03689],
							"rotation": [5, 0, 0],
							"uv": {
								"north": {"uv": [14, 25], "uv_size": [0.75, 2.5]},
								"east": {"uv": [24, 25], "uv_size": [0.75, 2.5]},
								"south": {"uv": [4, 26], "uv_size": [0.75, 2.5]},
								"west": {"uv": [26, 5], "uv_size": [0.75, 2.5]},
								"up": {"uv": [16, 33], "uv_size": [0.75, 0.75]},
								"down": {"uv": [33, 22.75], "uv_size": [0.75, -0.75]}
							}
						},
						{
							"origin": [-3.77164, 0.80803, 13.05874],
							"size": [0.5292, 0.51439, 2.71888],
							"pivot": [-3.50704, 1.06522, 14.41818],
							"rotation": [30, 0, 0],
							"uv": {
								"north": {"uv": [32, 29], "uv_size": [0.75, 0.75]},
								"east": {"uv": [11, 21], "uv_size": [3.75, 0.75]},
								"south": {"uv": [32, 31], "uv_size": [0.75, 0.75]},
								"west": {"uv": [21, 11], "uv_size": [3.75, 0.75]},
								"up": {"uv": [4, 21], "uv_size": [0.75, 3.75]},
								"down": {"uv": [16, 24.75], "uv_size": [0.75, -3.75]}
							}
						},
						{
							"origin": [-3.7692, 1.53884, 15.49696],
							"size": [0.52432, 0.51071, 1.24554],
							"inflate": 0.01,
							"pivot": [-3.50704, 1.7942, 16.11973],
							"rotation": [7.5, 0, 0],
							"uv": {
								"north": {"uv": [10, 33], "uv_size": [0.75, 0.75]},
								"east": {"uv": [26, 24], "uv_size": [1.75, 0.75]},
								"south": {"uv": [33, 10], "uv_size": [0.75, 0.75]},
								"west": {"uv": [26, 26], "uv_size": [1.75, 0.75]},
								"up": {"uv": [27, 0], "uv_size": [0.75, 1.75]},
								"down": {"uv": [18, 28.75], "uv_size": [0.75, -1.75]}
							}
						},
						{
							"origin": [-3.77164, -1.21149, 15.49512],
							"size": [0.5292, 0.51439, 1.24922],
							"pivot": [-3.50704, -0.95429, 16.11973],
							"rotation": [-7.5, 0, 0],
							"uv": {
								"north": {"uv": [12, 33], "uv_size": [0.75, 0.75]},
								"east": {"uv": [27, 3], "uv_size": [1.75, 0.75]},
								"south": {"uv": [33, 12], "uv_size": [0.75, 0.75]},
								"west": {"uv": [27, 9], "uv_size": [1.75, 0.75]},
								"up": {"uv": [20, 27], "uv_size": [0.75, 1.75]},
								"down": {"uv": [22, 28.75], "uv_size": [0.75, -1.75]}
							}
						},
						{
							"origin": [-3.7692, -0.48067, 13.06058],
							"size": [0.52432, 0.51071, 2.71521],
							"inflate": 0.01,
							"pivot": [-3.50704, -0.22531, 14.41818],
							"rotation": [-30, 0, 0],
							"uv": {
								"north": {"uv": [0, 33], "uv_size": [0.75, 0.75]},
								"east": {"uv": [21, 13], "uv_size": [3.75, 0.75]},
								"south": {"uv": [2, 33], "uv_size": [0.75, 0.75]},
								"west": {"uv": [22, 15], "uv_size": [3.75, 0.75]},
								"up": {"uv": [22, 17], "uv_size": [0.75, 3.75]},
								"down": {"uv": [22, 25.75], "uv_size": [0.75, -3.75]}
							}
						},
						{
							"origin": [-3.82456, 0.11132, 0.80384],
							"size": [0.63504, 0.61726, 5.65821],
							"uv": {
								"north": {"uv": [30, 29], "uv_size": [0.75, 0.75]},
								"east": {"uv": [6, 13], "uv_size": [7.75, 0.75]},
								"south": {"uv": [31, 10], "uv_size": [0.75, 0.75]},
								"west": {"uv": [14, 4], "uv_size": [7.75, 0.75]},
								"up": {"uv": [6, 15], "uv_size": [0.75, 7.75]},
								"down": {"uv": [15, 13.75], "uv_size": [0.75, -7.75]}
							}
						},
						{
							"origin": [-3.82456, 0.11132, -4.85436],
							"size": [0.63504, 0.61726, 5.65821],
							"uv": {
								"north": {"uv": [31, 12], "uv_size": [0.75, 0.75]},
								"east": {"uv": [8, 15], "uv_size": [7.75, 0.75]},
								"south": {"uv": [31, 14], "uv_size": [0.75, 0.75]},
								"west": {"uv": [17, 6], "uv_size": [7.75, 0.75]},
								"up": {"uv": [0, 16], "uv_size": [0.75, 7.75]},
								"down": {"uv": [2, 23.75], "uv_size": [0.75, -7.75]}
							}
						},
						{
							"origin": [-3.77164, -0.45485, -4.75563],
							"size": [0.5292, 1.7496, 0.48989],
							"uv": {
								"north": {"uv": [6, 24], "uv_size": [0.75, 2.5]},
								"east": {"uv": [8, 24], "uv_size": [0.75, 2.5]},
								"south": {"uv": [24, 17], "uv_size": [0.75, 2.5]},
								"west": {"uv": [24, 21], "uv_size": [0.75, 2.5]},
								"up": {"uv": [32, 8], "uv_size": [0.75, 0.75]},
								"down": {"uv": [32, 20.75], "uv_size": [0.75, -0.75]}
							}
						},
						{
							"origin": [-3.77164, -0.17491, -4.26574],
							"size": [0.5292, 0.34992, 0.48989],
							"uv": {
								"north": {"uv": [34, 8], "uv_size": [0.75, 0.5]},
								"east": {"uv": [10, 35], "uv_size": [0.75, 0.5]},
								"south": {"uv": [35, 10], "uv_size": [0.75, 0.5]},
								"west": {"uv": [12, 35], "uv_size": [0.75, 0.5]},
								"up": {"uv": [24, 33], "uv_size": [0.75, 0.75]},
								"down": {"uv": [33, 24.75], "uv_size": [0.75, -0.75]}
							}
						},
						{
							"origin": [-3.77164, 0.6649, -4.26574],
							"size": [0.5292, 0.34992, 0.48989],
							"uv": {
								"north": {"uv": [35, 12], "uv_size": [0.75, 0.5]},
								"east": {"uv": [14, 35], "uv_size": [0.75, 0.5]},
								"south": {"uv": [35, 14], "uv_size": [0.75, 0.5]},
								"west": {"uv": [16, 35], "uv_size": [0.75, 0.5]},
								"up": {"uv": [32, 33], "uv_size": [0.75, 0.75]},
								"down": {"uv": [34, 0.75], "uv_size": [0.75, -0.75]}
							}
						},
						{
							"origin": [-3.80459, 0.03504, -6.34644],
							"size": [0.2646, 0.76982, 1.88957],
							"pivot": [-3.80459, 0.41995, -5.40165],
							"rotation": [0, 17.5, 0],
							"uv": {
								"north": {"uv": [27, 15], "uv_size": [0.75, 1]},
								"east": {"uv": [23, 3], "uv_size": [2.75, 1]},
								"south": {"uv": [28, 21], "uv_size": [0.75, 1]},
								"west": {"uv": [11, 23], "uv_size": [2.75, 1]},
								"up": {"uv": [18, 23], "uv_size": [0.75, 2.75]},
								"down": {"uv": [20, 25.75], "uv_size": [0.75, -2.75]}
							}
						},
						{
							"origin": [-3.97197, -0.35603, -6.36255],
							"size": [0.2646, 1.55196, 1.57464],
							"pivot": [-3.83967, 0.41995, -5.57523],